{
  "hash": "1571fa36",
  "configHash": "ae8ff2d1",
  "lockfileHash": "df234137",
  "browserHash": "253cb388",
  "optimized": {
    "@angular/core": {
      "src": "../../../../../node_modules/@angular/core/fesm2022/core.mjs",
      "file": "@angular_core.js",
      "fileHash": "b3c30bec",
      "needsInterop": false
    },
    "@angular/platform-browser": {
      "src": "../../../../../node_modules/@angular/platform-browser/fesm2022/platform-browser.mjs",
      "file": "@angular_platform-browser.js",
      "fileHash": "5825d158",
      "needsInterop": false
    },
    "@angular/router": {
      "src": "../../../../../node_modules/@angular/router/fesm2022/router.mjs",
      "file": "@angular_router.js",
      "fileHash": "93b08a78",
      "needsInterop": false
    },
    "@angular/common": {
      "src": "../../../../../node_modules/@angular/common/fesm2022/common.mjs",
      "file": "@angular_common.js",
      "fileHash": "8d2596a6",
      "needsInterop": false
    },
    "@angular/forms": {
      "src": "../../../../../node_modules/@angular/forms/fesm2022/forms.mjs",
      "file": "@angular_forms.js",
      "fileHash": "dd3c6774",
      "needsInterop": false
    }
  },
  "chunks": {
    "chunk-KLQT3JTQ": {
      "file": "chunk-KLQT3JTQ.js"
    },
    "chunk-ISZGB2QF": {
      "file": "chunk-ISZGB2QF.js"
    },
    "chunk-AN5ADGNV": {
      "file": "chunk-AN5ADGNV.js"
    }
  }
}